<?xml version="1.0" encoding="UTF-8" ?>
	<!-- This is a WordPress eXtended RSS file generated by WordPress as an export of your site. -->
	<!-- It contains information about your site's posts, pages, comments, categories, and other content. -->
	<!-- You may use this file to transfer that content from one site to another. -->
	<!-- This file is not intended to serve as a complete backup of your site. -->

	<!-- To import this information into a WordPress site follow these steps: -->
	<!-- 1. Log in to that site as an administrator. -->
	<!-- 2. Go to Tools: Import in the WordPress admin panel. -->
	<!-- 3. Install the "WordPress" importer from the list. -->
	<!-- 4. Activate & Run Importer. -->
	<!-- 5. Upload this file using the form provided on that page. -->
	<!-- 6. You will first be asked to map the authors in this export file to users -->
	<!--    on the site. For each author, you may choose to map to an -->
	<!--    existing user on the site or to create a new user. -->
	<!-- 7. WordPress will then import each of the posts, pages, comments, categories, etc. -->
	<!--    contained in this file into your site. -->

	<!-- generator="WordPress/5.8.1" created="2021-11-09 16:32" -->
<rss version="2.0"
	xmlns:excerpt="http://wordpress.org/export/1.2/excerpt/"
	xmlns:content="http://purl.org/rss/1.0/modules/content/"
	xmlns:wfw="http://wellformedweb.org/CommentAPI/"
	xmlns:dc="http://purl.org/dc/elements/1.1/"
	xmlns:wp="http://wordpress.org/export/1.2/"
>

<channel>
	<title>Elementor 2.0 WoodMart dummy</title>
	<link>http://dummy.xtemos.com/woodmart2/elementor</link>
	<description>Just another WoodMart Dummy 2.0 Sites site</description>
	<pubDate>Tue, 09 Nov 2021 16:32:23 +0000</pubDate>
	<language>en-US</language>
	<wp:wxr_version>1.2</wp:wxr_version>
	<wp:base_site_url>http://dummy.xtemos.com/woodmart2/</wp:base_site_url>
	<wp:base_blog_url>http://dummy.xtemos.com/woodmart2/elementor</wp:base_blog_url>

		<wp:author><wp:author_id>2</wp:author_id><wp:author_login><![CDATA[zakhar]]></wp:author_login><wp:author_email><![CDATA[zak@asda.as]]></wp:author_email><wp:author_display_name><![CDATA[Mr. Mackay]]></wp:author_display_name><wp:author_first_name><![CDATA[sds]]></wp:author_first_name><wp:author_last_name><![CDATA[scssc]]></wp:author_last_name></wp:author>

					<wp:term>
			<wp:term_id>0</wp:term_id>
			<wp:term_taxonomy><![CDATA[]]></wp:term_taxonomy>
			<wp:term_slug><![CDATA[]]></wp:term_slug>
			<wp:term_parent><![CDATA[]]></wp:term_parent>
					</wp:term>
		
	<generator>https://wordpress.org/?v=5.8.1</generator>

					<item>
					<title><![CDATA[About us 2]]></title>
					<link>http://dummy.xtemos.com/woodmart2/elementor/about-us-4/</link>
					<pubDate>Thu, 04 Nov 2021 14:52:53 +0000</pubDate>
					<dc:creator><![CDATA[zakhar]]></dc:creator>
					<guid isPermaLink="false">http://dummy.xtemos.com/woodmart2/elementor/?page_id=8680</guid>
											<content:encoded><![CDATA[<img width="100" height="100" src="http://dummy.xtemos.com/woodmart2/elementor/wp-content/uploads/sites/2/2021/11/about-us-4-avatar.png" alt="" loading="lazy" />					
		<p>By <strong>Albert Flores</strong></p>		
								<img  src="http://dummy.xtemos.com/woodmart2/elementor/wp-content/uploads/sites/2/2021/11/about-us-4-autog-black.svg" title="about-us-4-autog-black" width="86" height="60">					
				<h4>Far far away, behind the word mountains, live texts</h4> 
															<svg xmlns="http://www.w3.org/2000/svg" width="42" height="42" viewBox="0 0 42 42" fill="none"><g clip-path="url(#clip0)"><path d="M23.2416 18.9968C26.1027 21.6884 28.9338 23.2532 29.053 23.3184L29.6508 23.6462L30.2467 23.315C30.3657 23.2489 33.1945 21.6646 36.0538 18.9642C39.3187 15.8805 41.9996 11.9201 41.9996 7.41186C41.9996 3.32505 38.6747 0.000167847 34.5879 0.000167847C32.7303 0.000167847 30.9924 0.673479 29.6468 1.88381C28.3011 0.673479 26.5633 0.000167847 24.7056 0.000167847C20.6188 0.000167847 17.2939 3.32505 17.2939 7.41186C17.2939 9.62334 17.9344 11.85 19.1975 14.0299C20.1798 15.7254 21.5404 17.3965 23.2416 18.9968ZM24.7056 2.47073C26.2742 2.47073 27.7152 3.19139 28.6591 4.44784L29.6468 5.76267L30.6344 4.44784C31.5783 3.19139 33.0193 2.47073 34.5879 2.47073C37.3124 2.47073 39.529 4.68732 39.529 7.41186C39.529 14.123 31.8654 19.406 29.6431 20.7964C27.4192 19.4195 19.7645 14.1866 19.7645 7.41186C19.7645 4.68732 21.9811 2.47073 24.7056 2.47073V2.47073Z" fill="#83B735"></path><path d="M38.0188 26.542C37.6852 26.548 37.3488 26.6022 36.9904 26.7078L28.3975 29.2353C28.2527 27.4334 26.9751 25.9283 25.1893 25.5071C25.1194 25.4892 26.0397 25.7242 17.6083 23.571C16.8175 23.4014 15.9943 23.4471 15.2342 23.7005C14.9402 23.7966 16.4052 23.3177 11.7721 24.8325C9.946 25.4412 8.9133 25.785 7.41177 25.8984V22.2352H0V41.9997H7.41169V38.2938H9.88226C11.4089 38.2938 12.928 38.5029 14.3978 38.9153C14.4061 38.9175 25.7291 41.8662 25.791 41.8807C26.9992 42.1633 28.3034 41.9107 29.3679 41.1785C40.4802 33.5437 39.4799 34.2026 40.052 33.848L40.1553 33.7838C42.3088 32.4409 42.6333 29.4394 40.8295 27.6672C40.0833 26.9338 39.0602 26.5263 38.0188 26.542V26.542ZM4.94113 39.5292H2.47056V24.7058H4.94113V39.5292ZM38.8484 31.6873L38.7499 31.7484C38.0718 32.1692 39.0222 31.5502 27.9675 39.1431C27.4789 39.4792 26.865 39.6185 26.2718 39.4542L15.0537 36.5335C13.3704 36.0622 11.6305 35.8233 9.88217 35.8233H7.41169V28.3736C9.33585 28.2484 10.6264 27.8186 12.5533 27.1764L16.0083 26.0467C16.3502 25.9326 16.7167 25.9104 17.0699 25.9824C17.1482 26.0024 16.1633 25.7508 24.6164 27.9104C26.0283 28.2382 26.4075 30.0491 25.2826 30.9274C24.8642 31.2541 24.3286 31.3675 23.8138 31.2389L17.5937 29.6838L16.9945 32.0806L23.2147 33.6357C24.9157 34.0611 26.6264 33.3867 27.6104 32.0422C38.1373 28.961 37.7654 29.0175 38.0627 29.0122C38.8537 28.9996 39.5292 29.6389 39.5292 30.4598C39.529 30.9627 39.2745 31.4215 38.8484 31.6873V31.6873Z" fill="#83B735"></path></g><defs><clipPath id="svg-4695"><rect width="42" height="42" fill="white"></rect></clipPath></defs></svg> 													
											<h4						class="info-box-title title box-title-style-default wd-fontsize-m" data-elementor-setting-key="title">
								Happy clients						</h4>
						<p>A wonderful serenity has taken possession of my entire soul.</p>
															<svg id="svg-8325" xmlns="http://www.w3.org/2000/svg" width="42" height="42" viewBox="0 0 42 42" fill="none"><path d="M20.1735 29.343L18.3924 27.5409L16.4444 29.5122L20.1735 33.2853L26.6577 26.7245L24.7097 24.7533L20.1735 29.343Z" fill="#83B735"></path><path d="M39 16.9115H36.2449V9.17932L27.1726 0H5.93878V14.1239H3V42H39V16.9115ZM27.9796 4.75873L31.5417 8.36283H27.9796V4.75873ZM8.69388 2.78761H25.2245V11.1504H33.4898V16.9115H24.4175L21.6624 14.1239H8.69388V2.78761ZM5.7551 39.2124V16.9115H20.5213L23.2764 19.6991H36.2449V39.2124H5.7551Z" fill="#83B735"></path><path d="M11.449 8.36283H22.4694V11.1504H11.449V8.36283Z" fill="#83B735"></path></svg> 													
											<h4						class="info-box-title title box-title-style-default wd-fontsize-m" data-elementor-setting-key="title">
								Finished works						</h4>
						<p>Hierarchies of information, weight, emphasis process agreed.</p>
						<img width="400" height="643" src="http://dummy.xtemos.com/woodmart2/elementor/wp-content/uploads/sites/2/2021/11/about-us-4-team-member-1.jpg" alt="" loading="lazy" srcset="http://dummy.xtemos.com/woodmart2/elementor/wp-content/uploads/sites/2/2021/11/about-us-4-team-member-1.jpg 400w, http://dummy.xtemos.com/woodmart2/elementor/wp-content/uploads/sites/2/2021/11/about-us-4-team-member-1-187x300.jpg 187w, http://dummy.xtemos.com/woodmart2/elementor/wp-content/uploads/sites/2/2021/11/about-us-4-team-member-1-130x209.jpg 130w" sizes="(max-width: 400px) 100vw, 400px" />					
									<h4>
						Kristin Watson					</h4>
						CEO / Founder					
															<a rel="noopener noreferrer nofollow" href="#">
								</a>
															<a rel="noopener noreferrer nofollow" href="#">
								</a>
															<a rel="noopener noreferrer nofollow" href="#">
								</a>
															<a rel="noopener noreferrer nofollow" href="#">
								</a>
						<img width="400" height="643" src="http://dummy.xtemos.com/woodmart2/elementor/wp-content/uploads/sites/2/2021/11/about-us-4-team-member-2.jpg" alt="" loading="lazy" srcset="http://dummy.xtemos.com/woodmart2/elementor/wp-content/uploads/sites/2/2021/11/about-us-4-team-member-2.jpg 400w, http://dummy.xtemos.com/woodmart2/elementor/wp-content/uploads/sites/2/2021/11/about-us-4-team-member-2-187x300.jpg 187w, http://dummy.xtemos.com/woodmart2/elementor/wp-content/uploads/sites/2/2021/11/about-us-4-team-member-2-130x209.jpg 130w" sizes="(max-width: 400px) 100vw, 400px" />					
									<h4>
						Dianne Russell					</h4>
						CEO / Founder					
															<a rel="noopener noreferrer nofollow" href="#">
								</a>
															<a rel="noopener noreferrer nofollow" href="#">
								</a>
															<a rel="noopener noreferrer nofollow" href="#">
								</a>
															<a rel="noopener noreferrer nofollow" href="#">
								</a>
								<img  src="http://dummy.xtemos.com/woodmart2/elementor/wp-content/uploads/sites/2/2021/11/about-us-4-design.svg" title="about-us-4-design" width="50" height="50">					
				<h4>We develop a convenient and beautiful design</h4> 
					<p>Far far away, behind the word mountains, far from the countries Vokalia and Consonantia, there live the blind texts.You begin with a text, you information sculpt, you chisel away not needed.</p>				
			<a  href="#">
					View more				
							</a>
					SOME WORDS ABOUT WORK				
				<h4>Take a look at the work of our team</h4> 
					<p>A wonderful serenity has taken possession of my entire soul, like these sweet mornings of spring which I enjoy with my whole heart.</p>				
			<a  href="#">
					View more				
							</a>
							<img width="380" height="280" src="http://dummy.xtemos.com/woodmart2/elementor/wp-content/uploads/sites/2/2021/11/about-us-4-banner-1.jpg" alt="" loading="lazy" srcset="http://dummy.xtemos.com/woodmart2/elementor/wp-content/uploads/sites/2/2021/11/about-us-4-banner-1.jpg 380w, http://dummy.xtemos.com/woodmart2/elementor/wp-content/uploads/sites/2/2021/11/about-us-4-banner-1-130x96.jpg 130w" sizes="(max-width: 380px) 100vw, 380px" />						
															<h4 data-elementor-setting-key="title">
									We be glad to work with you!								</h4>
								<p>Reversing gears when</p>
							<img width="380" height="280" src="http://dummy.xtemos.com/woodmart2/elementor/wp-content/uploads/sites/2/2021/11/about-us-4-banner-3.jpg" alt="" loading="lazy" srcset="http://dummy.xtemos.com/woodmart2/elementor/wp-content/uploads/sites/2/2021/11/about-us-4-banner-3.jpg 380w, http://dummy.xtemos.com/woodmart2/elementor/wp-content/uploads/sites/2/2021/11/about-us-4-banner-3-130x96.jpg 130w" sizes="(max-width: 380px) 100vw, 380px" />						
															<h4 data-elementor-setting-key="title">
									New ways to bring your ideas to life								</h4>
								<p>Subtle cues that also visual</p>
							<img width="380" height="280" src="http://dummy.xtemos.com/woodmart2/elementor/wp-content/uploads/sites/2/2021/11/about-us-4-banner-2.jpg" alt="" loading="lazy" srcset="http://dummy.xtemos.com/woodmart2/elementor/wp-content/uploads/sites/2/2021/11/about-us-4-banner-2.jpg 380w, http://dummy.xtemos.com/woodmart2/elementor/wp-content/uploads/sites/2/2021/11/about-us-4-banner-2-130x96.jpg 130w" sizes="(max-width: 380px) 100vw, 380px" />						
															<h4 data-elementor-setting-key="title">
									Our company history and facts								</h4>
								<p>Depending on the state of</p>
							<img width="380" height="280" src="http://dummy.xtemos.com/woodmart2/elementor/wp-content/uploads/sites/2/2021/11/about-us-4-banner-4.jpg" alt="" loading="lazy" srcset="http://dummy.xtemos.com/woodmart2/elementor/wp-content/uploads/sites/2/2021/11/about-us-4-banner-4.jpg 380w, http://dummy.xtemos.com/woodmart2/elementor/wp-content/uploads/sites/2/2021/11/about-us-4-banner-4-130x96.jpg 130w" sizes="(max-width: 380px) 100vw, 380px" />						
															<h4 data-elementor-setting-key="title">
									We take every aspects								</h4>
								<p>A wonderful serenity taken</p>
								<img  src="http://dummy.xtemos.com/woodmart2/elementor/wp-content/uploads/sites/2/2021/11/about-us-4-code.svg" title="about-us-4-code" width="50" height="50">					
				<h4>We develop a convenient and beautiful design</h4> 
					<p>Usually, we prefer the real thing, wine without sulfur based preservatives, real butter, not margarine, and so we'd like our layouts and designs to be filled with real words with thoughts that count.</p>				
			<a  href="#">
					View more				
							</a>
						<img width="400" height="643" src="http://dummy.xtemos.com/woodmart2/elementor/wp-content/uploads/sites/2/2021/11/about-us-4-team-member-3.jpg" alt="" loading="lazy" srcset="http://dummy.xtemos.com/woodmart2/elementor/wp-content/uploads/sites/2/2021/11/about-us-4-team-member-3.jpg 400w, http://dummy.xtemos.com/woodmart2/elementor/wp-content/uploads/sites/2/2021/11/about-us-4-team-member-3-187x300.jpg 187w, http://dummy.xtemos.com/woodmart2/elementor/wp-content/uploads/sites/2/2021/11/about-us-4-team-member-3-130x209.jpg 130w" sizes="(max-width: 400px) 100vw, 400px" />					
									<h4>
						Marvin McKinney					</h4>
						CEO / Founder					
															<a rel="noopener noreferrer nofollow" href="#">
								</a>
															<a rel="noopener noreferrer nofollow" href="#">
								</a>
															<a rel="noopener noreferrer nofollow" href="#">
								</a>
															<a rel="noopener noreferrer nofollow" href="#">
								</a>
						<img width="400" height="643" src="http://dummy.xtemos.com/woodmart2/elementor/wp-content/uploads/sites/2/2021/11/about-us-4-team-member-4.jpg" alt="" loading="lazy" srcset="http://dummy.xtemos.com/woodmart2/elementor/wp-content/uploads/sites/2/2021/11/about-us-4-team-member-4.jpg 400w, http://dummy.xtemos.com/woodmart2/elementor/wp-content/uploads/sites/2/2021/11/about-us-4-team-member-4-187x300.jpg 187w, http://dummy.xtemos.com/woodmart2/elementor/wp-content/uploads/sites/2/2021/11/about-us-4-team-member-4-130x209.jpg 130w" sizes="(max-width: 400px) 100vw, 400px" />					
									<h4>
						Brandie Russell					</h4>
						CEO / Founder					
															<a rel="noopener noreferrer nofollow" href="#">
								</a>
															<a rel="noopener noreferrer nofollow" href="#">
								</a>
															<a rel="noopener noreferrer nofollow" href="#">
								</a>
															<a rel="noopener noreferrer nofollow" href="#">
								</a>
					WOODMART - BEST THEME OF ALL TIME				
				<h4>''Excellence is not a skill it's an attitude'' - Ralph Marston</h4> 
			<p>A wonderful serenity has taken possession of my entire soul, like these sweet mornings of spring which I enjoy with my whole heart. I am alone, and feel the charm of existence in this spot, which was created for the bliss of souls like mine.</p><p><a href="#"><strong><em>Developed by Xtemos Studio @ 2021.</em></strong></a></p>]]></content:encoded>
															<wp:post_id>8680</wp:post_id>
					<wp:post_date><![CDATA[2021-11-04 14:52:53]]></wp:post_date>
					<wp:post_date_gmt><![CDATA[2021-11-04 14:52:53]]></wp:post_date_gmt>
					<wp:post_modified><![CDATA[2021-11-09 16:32:05]]></wp:post_modified>
					<wp:post_modified_gmt><![CDATA[2021-11-09 16:32:05]]></wp:post_modified_gmt>
					<wp:comment_status><![CDATA[closed]]></wp:comment_status>
					<wp:post_name><![CDATA[about-us-4]]></wp:post_name>
					<wp:status><![CDATA[publish]]></wp:status>
					<wp:post_parent>0</wp:post_parent>
					<wp:menu_order>0</wp:menu_order>
					<wp:post_type><![CDATA[page]]></wp:post_type>
																					<wp:postmeta>
							<wp:meta_key><![CDATA[_woodmart_whb_header]]></wp:meta_key>
							<wp:meta_value><![CDATA[header_589950]]></wp:meta_value>
						</wp:postmeta>
												<wp:postmeta>
							<wp:meta_key><![CDATA[_woodmart_title_off]]></wp:meta_key>
							<wp:meta_value><![CDATA[on]]></wp:meta_value>
						</wp:postmeta>
												<wp:postmeta>
							<wp:meta_key><![CDATA[_woodmart_title_image]]></wp:meta_key>
							<wp:meta_value><![CDATA[a:2:{s:3:"url";s:0:"";s:2:"id";s:0:"";}]]></wp:meta_value>
						</wp:postmeta>
												<wp:postmeta>
							<wp:meta_key><![CDATA[_woodmart_page-title-size]]></wp:meta_key>
							<wp:meta_value><![CDATA[inherit]]></wp:meta_value>
						</wp:postmeta>
												<wp:postmeta>
							<wp:meta_key><![CDATA[_woodmart_main_layout]]></wp:meta_key>
							<wp:meta_value><![CDATA[full-width]]></wp:meta_value>
						</wp:postmeta>
												<wp:postmeta>
							<wp:meta_key><![CDATA[_elementor_edit_mode]]></wp:meta_key>
							<wp:meta_value><![CDATA[builder]]></wp:meta_value>
						</wp:postmeta>
												<wp:postmeta>
							<wp:meta_key><![CDATA[_elementor_template_type]]></wp:meta_key>
							<wp:meta_value><![CDATA[wp-page]]></wp:meta_value>
						</wp:postmeta>
												<wp:postmeta>
							<wp:meta_key><![CDATA[_elementor_version]]></wp:meta_key>
							<wp:meta_value><![CDATA[3.4.3]]></wp:meta_value>
						</wp:postmeta>
												<wp:postmeta>
							<wp:meta_key><![CDATA[_wp_page_template]]></wp:meta_key>
							<wp:meta_value><![CDATA[default]]></wp:meta_value>
						</wp:postmeta>
												<wp:postmeta>
							<wp:meta_key><![CDATA[_elementor_data]]></wp:meta_key>
							<wp:meta_value><![CDATA[[{"id":"552f1cc4","elType":"section","settings":{"wd_section_stretch":"stretch","structure":"20","background_background":"classic","background_color":"#F9F9F9","margin":{"unit":"px","top":"-40","right":"0","bottom":"80","left":"0","isLinked":""},"margin_tablet":{"unit":"px","top":"-40","right":"0","bottom":"60","left":"0","isLinked":""},"margin_mobile":{"unit":"px","top":"-40","right":"0","bottom":"40","left":"0","isLinked":""},"padding":{"unit":"px","top":"160","right":"10","bottom":"100","left":"10","isLinked":""},"padding_tablet":{"unit":"px","top":"140","right":"15","bottom":"60","left":"15","isLinked":""}},"elements":[{"id":"4a88ac71","elType":"column","settings":{"_column_size":"50","column_sticky_offset":"50","scroll_y":"-80","margin_mobile":{"unit":"px","top":"0","right":"0","bottom":"30","left":"0","isLinked":""}},"elements":[{"id":"4c6b53b","elType":"section","settings":{"content_position":"middle"},"elements":[{"id":"32daee54","elType":"column","settings":{"_column_size":"100","column_sticky_offset":"50","scroll_y":"-80"},"elements":[{"id":"c33c999","elType":"widget","settings":{"image":{"url":"http:\/\/dummy.xtemos.com\/woodmart2\/elementor\/wp-content\/uploads\/sites\/2\/2021\/11\/about-us-4-avatar.png","id":8688,"alt":"","source":"library"},"_margin":{"unit":"px","top":"0","right":"25","bottom":"20","left":"0","isLinked":""},"scroll_y":"-80","_element_width":"auto"},"elements":[],"widgetType":"wd_image_or_svg"},{"id":"653f65b0","elType":"widget","settings":{"editor":"<p>By\u00a0<strong><span style=\"color: #333333\">Albert Flores<\/span><\/strong><\/p>","_margin":{"unit":"px","top":"0","right":"25","bottom":"20","left":"0","isLinked":""},"scroll_y":"-80","_element_width":"auto"},"elements":[],"widgetType":"text-editor"},{"id":"edb9116","elType":"widget","settings":{"image":{"url":"http:\/\/dummy.xtemos.com\/woodmart2\/elementor\/wp-content\/uploads\/sites\/2\/2021\/11\/about-us-4-autog-black.svg","id":8692,"alt":"","source":"library"},"_margin":{"unit":"px","top":"0","right":"0","bottom":"20","left":"0","isLinked":""},"scroll_y":"-80","_element_width":"auto","image_size":"custom","image_custom_dimension":{"width":"86","height":"60"}},"elements":[],"widgetType":"wd_image_or_svg"}],"isInner":"1"}],"isInner":"1"},{"id":"47b6b743","elType":"widget","settings":{"subtitle":"","title":"Far far away, behind the word mountains, live texts","after_title":"","size":"large","align":"left","scroll_y":"-80"},"elements":[],"widgetType":"wd_title"}],"isInner":""},{"id":"7b0099ff","elType":"column","settings":{"_column_size":"50","column_sticky_offset":"50","scroll_y":"-80","margin":{"unit":"%","top":"0","right":"30","bottom":"0","left":"9","isLinked":""},"margin_tablet":{"unit":"px","top":"0","right":"0","bottom":"0","left":"0","isLinked":""}},"elements":[{"id":"3dfe84f7","elType":"widget","settings":{"icon_type":"icon","icon_text":"53","image":{"id":8696,"url":"http:\/\/dummy.xtemos.com\/woodmart2\/elementor\/wp-content\/uploads\/sites\/2\/2021\/11\/about-us-4-happy-clients.svg","alt":"","source":"library"},"image_size":"custom","image_custom_dimension":{"width":"42","height":"42"},"subtitle":"","title":"Happy clients","content":"<p>A wonderful serenity has taken possession of my entire soul.<\/p>","btn_text":"","alignment":"left","image_alignment":"left","icon_style":"with-border","icon_border_color":"#E6E6E6","content_typography_typography":"custom","content_typography_font_size":{"unit":"px","size":"16","sizes":[]},"_margin":{"unit":"px","top":"0","right":"0","bottom":"30","left":"0","isLinked":""},"scroll_y":"-80"},"elements":[],"widgetType":"wd_infobox"},{"id":"5a819c94","elType":"widget","settings":{"icon_type":"icon","icon_text":"53","image":{"id":8695,"url":"http:\/\/dummy.xtemos.com\/woodmart2\/elementor\/wp-content\/uploads\/sites\/2\/2021\/11\/about-us-4-finished-works.svg","alt":"","source":"library"},"image_size":"custom","image_custom_dimension":{"width":"42","height":"42"},"subtitle":"","title":"Finished works","content":"Hierarchies of information, weight, emphasis process agreed.","btn_text":"","alignment":"left","image_alignment":"left","icon_style":"with-border","icon_border_color":"#E6E6E6","content_typography_typography":"custom","content_typography_font_size":{"unit":"px","size":"16","sizes":[]},"scroll_y":"-80"},"elements":[],"widgetType":"wd_infobox"}],"isInner":""}],"isInner":""},{"id":"5299ba63","elType":"section","settings":{"structure":"31","margin":{"unit":"px","top":"0","right":"0","bottom":"80","left":"0","isLinked":""},"margin_tablet":{"unit":"px","top":"0","right":"0","bottom":"60","left":"0","isLinked":""},"margin_mobile":{"unit":"px","top":"0","right":"0","bottom":"40","left":"0","isLinked":""},"reverse_order_mobile":"reverse-mobile"},"elements":[{"id":"7483019e","elType":"column","settings":{"_column_size":"25","column_sticky_offset":"50","scroll_y":"-80"},"elements":[{"id":"6b01b30","elType":"widget","settings":{"image_size":"full","name":"Kristin Watson","position":"CEO \/ Founder","content":"","facebook":"#","twitter":"#","linkedin":"#","skype":"","instagram":"#","align":"center","size":"small","style":"colored","scroll_y":"-80","image":{"url":"http:\/\/dummy.xtemos.com\/woodmart2\/elementor\/wp-content\/uploads\/sites\/2\/2021\/11\/about-us-4-team-member-1.jpg","id":8697,"alt":"","source":"library"}},"elements":[],"widgetType":"wd_team_member"}],"isInner":""},{"id":"4f9bce8f","elType":"column","settings":{"_column_size":"25","column_sticky_offset":"50","scroll_y":"-80"},"elements":[{"id":"34fa0eb3","elType":"widget","settings":{"image_size":"full","name":"Dianne Russell","position":"CEO \/ Founder","content":"","facebook":"#","twitter":"#","linkedin":"#","skype":"","instagram":"#","align":"center","size":"small","style":"colored","scroll_y":"-80","image":{"url":"http:\/\/dummy.xtemos.com\/woodmart2\/elementor\/wp-content\/uploads\/sites\/2\/2021\/11\/about-us-4-team-member-2.jpg","id":8698,"alt":"","source":"library"}},"elements":[],"widgetType":"wd_team_member"}],"isInner":""},{"id":"4c5b7bc4","elType":"column","settings":{"_column_size":"50","margin":{"unit":"px","top":"50","right":"0","bottom":"0","left":"30","isLinked":""},"margin_tablet":{"unit":"px","top":"35","right":"0","bottom":"0","left":"0","isLinked":""},"margin_mobile":{"unit":"px","top":"0","right":"0","bottom":"30","left":"0","isLinked":""},"column_sticky_offset":"50","scroll_y":"-80"},"elements":[{"id":"aa442f6","elType":"widget","settings":{"image":{"url":"http:\/\/dummy.xtemos.com\/woodmart2\/elementor\/wp-content\/uploads\/sites\/2\/2021\/11\/about-us-4-design.svg","id":8694,"alt":"","source":"library"},"image_size":"custom","image_custom_dimension":{"width":"50","height":"50"},"scroll_y":"-80"},"elements":[],"widgetType":"wd_image_or_svg"},{"id":"3149b12f","elType":"widget","settings":{"subtitle":"","title":"We develop a convenient and beautiful design","after_title":"<p>Far far away, behind the word mountains, far from the countries Vokalia and Consonantia, there live the blind texts.You begin with a text, you information sculpt, you chisel away not needed.<\/p>","size":"large","align":"left","width":{"unit":"%","size":"90","sizes":[]},"width_mobile":{"unit":"%","size":"100","sizes":[]},"_margin":{"unit":"px","top":"0","right":"0","bottom":"10","left":"0","isLinked":""},"scroll_y":"-80"},"elements":[],"widgetType":"wd_title"},{"id":"33dfa785","elType":"widget","settings":{"text":"View more","color":"primary","align":"left","scroll_y":"-80"},"elements":[],"widgetType":"wd_button"}],"isInner":""}],"isInner":""},{"id":"6ad7310f","elType":"section","settings":{"wd_section_stretch":"stretch","structure":"30","background_background":"classic","background_color":"#F9F9F9","margin":{"unit":"px","top":"0","right":"0","bottom":"80","left":"0","isLinked":""},"margin_tablet":{"unit":"px","top":"0","right":"0","bottom":"60","left":"0","isLinked":""},"margin_mobile":{"unit":"px","top":"0","right":"0","bottom":"40","left":"0","isLinked":""},"padding":{"unit":"px","top":"80","right":"10","bottom":"80","left":"10","isLinked":""},"padding_tablet":{"unit":"px","top":"60","right":"15","bottom":"60","left":"15","isLinked":""},"padding_mobile":{"unit":"px","top":"40","right":"15","bottom":"40","left":"15","isLinked":""}},"elements":[{"id":"47ca56c3","elType":"column","settings":{"_column_size":"33","_inline_size_tablet":"100","margin":{"unit":"px","top":"65","right":"0","bottom":"0","left":"0","isLinked":""},"margin_tablet":{"unit":"px","top":"0","right":"0","bottom":"30","left":"0","isLinked":""},"column_sticky_offset":"50","scroll_y":"-80"},"elements":[{"id":"2018d10","elType":"widget","settings":{"subtitle":"SOME WORDS ABOUT WORK","title":"Take a look at the work of our team","after_title":"<p>A wonderful serenity has taken possession of my entire soul, like these sweet mornings of spring which I enjoy with my whole heart.<\/p>","size":"large","align":"left","width":{"unit":"%","size":"85","sizes":[]},"width_tablet":{"unit":"%","size":"59","sizes":[]},"width_mobile":{"unit":"%","size":"100","sizes":[]},"subtitle_typography_typography":"custom","subtitle_typography_font_weight":"600","_margin":{"unit":"px","top":"0","right":"0","bottom":"10","left":"0","isLinked":""},"scroll_y":"-80","color":"primary"},"elements":[],"widgetType":"wd_title"},{"id":"2fa58d17","elType":"widget","settings":{"text":"View more","color":"primary","align":"left","scroll_y":"-80"},"elements":[],"widgetType":"wd_button"}],"isInner":""},{"id":"4c54e8a6","elType":"column","settings":{"_column_size":"33","_inline_size_tablet":"50","column_sticky_offset":"50","scroll_y":"-80"},"elements":[{"id":"3e64b5f4","elType":"widget","settings":{"image_size":"full","subtitle":"","title":"We be glad to work with you!","content":"Reversing gears when","btn_text":"","style":"mask","hover":"zoom","woodmart_color_scheme":"light","title_typography_typography":"custom","title_typography_font_size":{"unit":"px","size":"24","sizes":[]},"vertical_alignment":"bottom","width":{"unit":"%","size":"70","sizes":[]},"width_mobile":{"unit":"%","size":"100","sizes":[]},"scroll_y":"-80","image":{"url":"http:\/\/dummy.xtemos.com\/woodmart2\/elementor\/wp-content\/uploads\/sites\/2\/2021\/11\/about-us-4-banner-1.jpg","id":8701,"alt":"","source":"library"}},"elements":[],"widgetType":"wd_banner"},{"id":"67b5635e","elType":"widget","settings":{"image_size":"full","subtitle":"","title":"New ways to bring your ideas to life","content":"Subtle cues that also visual","btn_text":"","style":"mask","hover":"zoom","woodmart_color_scheme":"light","title_typography_typography":"custom","title_typography_font_size":{"unit":"px","size":"24","sizes":[]},"vertical_alignment":"bottom","width":{"unit":"%","size":"70","sizes":[]},"width_tablet":{"unit":"%","size":"80","sizes":[]},"width_mobile":{"unit":"%","size":"100","sizes":[]},"scroll_y":"-80","image":{"url":"http:\/\/dummy.xtemos.com\/woodmart2\/elementor\/wp-content\/uploads\/sites\/2\/2021\/11\/about-us-4-banner-3.jpg","id":8703,"alt":"","source":"library"}},"elements":[],"widgetType":"wd_banner"}],"isInner":""},{"id":"562bd197","elType":"column","settings":{"_column_size":"33","_inline_size_tablet":"50","column_sticky_offset":"50","scroll_y":"-80"},"elements":[{"id":"726ad50c","elType":"widget","settings":{"image_size":"full","subtitle":"","title":"Our company history and facts","content":"Depending on the state of","btn_text":"","style":"mask","hover":"zoom","woodmart_color_scheme":"light","title_typography_typography":"custom","title_typography_font_size":{"unit":"px","size":"24","sizes":[]},"vertical_alignment":"bottom","width":{"unit":"%","size":"70","sizes":[]},"width_mobile":{"unit":"%","size":"100","sizes":[]},"scroll_y":"-80","image":{"url":"http:\/\/dummy.xtemos.com\/woodmart2\/elementor\/wp-content\/uploads\/sites\/2\/2021\/11\/about-us-4-banner-2.jpg","id":8702,"alt":"","source":"library"}},"elements":[],"widgetType":"wd_banner"},{"id":"548d8052","elType":"widget","settings":{"image_size":"full","subtitle":"","title":"We take every aspects","content":"A wonderful serenity taken","btn_text":"","style":"mask","hover":"zoom","woodmart_color_scheme":"light","title_typography_typography":"custom","title_typography_font_size":{"unit":"px","size":"24","sizes":[]},"vertical_alignment":"bottom","width":{"unit":"%","size":"70","sizes":[]},"width_mobile":{"unit":"%","size":"100","sizes":[]},"scroll_y":"-80","image":{"url":"http:\/\/dummy.xtemos.com\/woodmart2\/elementor\/wp-content\/uploads\/sites\/2\/2021\/11\/about-us-4-banner-4.jpg","id":8704,"alt":"","source":"library"}},"elements":[],"widgetType":"wd_banner"}],"isInner":""}],"isInner":""},{"id":"248e9b6d","elType":"section","settings":{"structure":"32","margin":{"unit":"px","top":"0","right":"0","bottom":"80","left":"0","isLinked":""},"margin_tablet":{"unit":"px","top":"0","right":"0","bottom":"60","left":"0","isLinked":""},"margin_mobile":{"unit":"px","top":"0","right":"0","bottom":"40","left":"0","isLinked":""}},"elements":[{"id":"75a4282f","elType":"column","settings":{"_column_size":"50","margin":{"unit":"px","top":"50","right":"30","bottom":"0","left":"0","isLinked":""},"margin_tablet":{"unit":"px","top":"35","right":"0","bottom":"0","left":"0","isLinked":""},"margin_mobile":{"unit":"px","top":"0","right":"0","bottom":"30","left":"0","isLinked":""},"column_sticky_offset":"50","scroll_y":"-80"},"elements":[{"id":"739bb35","elType":"widget","settings":{"image":{"url":"http:\/\/dummy.xtemos.com\/woodmart2\/elementor\/wp-content\/uploads\/sites\/2\/2021\/11\/about-us-4-code.svg","id":8693,"alt":"","source":"library"},"image_size":"custom","image_custom_dimension":{"width":"50","height":"50"},"alignment":"right","scroll_y":"-80"},"elements":[],"widgetType":"wd_image_or_svg"},{"id":"9a29be5","elType":"widget","settings":{"subtitle":"","title":"We develop a convenient and beautiful design","after_title":"<p>Usually, we prefer the real thing, wine without sulfur based preservatives, real butter, not margarine, and so we'd like our layouts and designs to be filled with real words with thoughts that count.<\/p>","size":"large","align":"right","width":{"unit":"%","size":"85","sizes":[]},"width_mobile":{"unit":"%","size":"100","sizes":[]},"_margin":{"unit":"px","top":"0","right":"0","bottom":"10","left":"0","isLinked":""},"scroll_y":"-80"},"elements":[],"widgetType":"wd_title"},{"id":"1b35305a","elType":"widget","settings":{"text":"View more","color":"primary","align":"right","scroll_y":"-80"},"elements":[],"widgetType":"wd_button"}],"isInner":""},{"id":"2abdb46","elType":"column","settings":{"_column_size":"25","column_sticky_offset":"50","scroll_y":"-80"},"elements":[{"id":"7486a758","elType":"widget","settings":{"image_size":"full","name":"Marvin McKinney","position":"CEO \/ Founder","content":"","facebook":"#","twitter":"#","linkedin":"#","skype":"","instagram":"#","align":"center","size":"small","style":"colored","scroll_y":"-80","image":{"url":"http:\/\/dummy.xtemos.com\/woodmart2\/elementor\/wp-content\/uploads\/sites\/2\/2021\/11\/about-us-4-team-member-3.jpg","id":8699,"alt":"","source":"library"}},"elements":[],"widgetType":"wd_team_member"}],"isInner":""},{"id":"3fd6501b","elType":"column","settings":{"_column_size":"25","column_sticky_offset":"50","scroll_y":"-80"},"elements":[{"id":"5f760510","elType":"widget","settings":{"image_size":"full","name":"Brandie Russell","position":"CEO \/ Founder","content":"","facebook":"#","twitter":"#","linkedin":"#","skype":"","instagram":"#","align":"center","size":"small","style":"colored","scroll_y":"-80","image":{"url":"http:\/\/dummy.xtemos.com\/woodmart2\/elementor\/wp-content\/uploads\/sites\/2\/2021\/11\/about-us-4-team-member-4.jpg","id":8700,"alt":"","source":"library"}},"elements":[],"widgetType":"wd_team_member"}],"isInner":""}],"isInner":""},{"id":"77aff6a5","elType":"section","settings":{"content_position":"middle","wd_section_stretch":"stretch","structure":"20","background_background":"classic","background_color":"#83B735","margin":{"unit":"px","top":"0","right":"0","bottom":"-40","left":"0","isLinked":""},"padding":{"unit":"px","top":"70","right":"10","bottom":"70","left":"10","isLinked":""},"padding_tablet":{"unit":"px","top":"60","right":"15","bottom":"60","left":"15","isLinked":""},"padding_mobile":{"unit":"px","top":"40","right":"15","bottom":"40","left":"15","isLinked":""}},"elements":[{"id":"3f10a57e","elType":"column","settings":{"_column_size":"50","column_sticky_offset":"50","scroll_y":"-80"},"elements":[{"id":"1cc0f0e1","elType":"widget","settings":{"subtitle":"WOODMART - BEST THEME OF ALL TIME","title":"''Excellence is not a skill it's an attitude'' - Ralph Marston","after_title":"","color":"white","size":"large","align":"left","subtitle_typography_typography":"custom","subtitle_typography_font_weight":"600","scroll_y":"-80"},"elements":[],"widgetType":"wd_title"}],"isInner":""},{"id":"35e55dd7","elType":"column","settings":{"_column_size":"50","column_sticky_offset":"50","scroll_y":"-80"},"elements":[{"id":"9586b15","elType":"widget","settings":{"text":"<p>A wonderful serenity has taken possession of my entire soul, like these sweet mornings of spring which I enjoy with my whole heart. I am alone, and feel the charm of existence in this spot, which was created for the bliss of souls like mine.<\/p><p><a href=\"http:\/\/#\"><strong><em>Developed by <span style=\"color: #cd1d1d;\">X<\/span>temos Studio @ 2021.<\/em><\/strong><\/a><\/p>","text_color_scheme":"light","typography_typography":"custom","typography_font_size":{"unit":"px","size":"16","sizes":[]},"scroll_y":"-80"},"elements":[],"widgetType":"wd_text_block"}],"isInner":""}],"isInner":""}]]]></wp:meta_value>
						</wp:postmeta>
												<wp:postmeta>
							<wp:meta_key><![CDATA[_elementor_page_assets]]></wp:meta_key>
							<wp:meta_value><![CDATA[a:0:{}]]></wp:meta_value>
						</wp:postmeta>
												<wp:postmeta>
							<wp:meta_key><![CDATA[_elementor_controls_usage]]></wp:meta_key>
							<wp:meta_value><![CDATA[a:10:{s:15:"wd_image_or_svg";a:3:{s:5:"count";i:4;s:15:"control_percent";i:3;s:8:"controls";a:2:{s:7:"content";a:1:{s:23:"general_content_section";a:4:{s:5:"image";i:4;s:10:"image_size";i:3;s:22:"image_custom_dimension";i:3;s:9:"alignment";i:1;}}s:8:"advanced";a:3:{s:14:"_section_style";a:1:{s:7:"_margin";i:2;}s:8:"wd_extra";a:1:{s:8:"scroll_y";i:4;}s:17:"_section_position";a:1:{s:14:"_element_width";i:2;}}}}s:11:"text-editor";a:3:{s:5:"count";i:1;s:15:"control_percent";i:2;s:8:"controls";a:2:{s:7:"content";a:1:{s:14:"section_editor";a:1:{s:6:"editor";i:1;}}s:8:"advanced";a:3:{s:14:"_section_style";a:1:{s:7:"_margin";i:1;}s:8:"wd_extra";a:1:{s:8:"scroll_y";i:1;}s:17:"_section_position";a:1:{s:14:"_element_width";i:1;}}}}s:6:"column";a:3:{s:5:"count";i:14;s:15:"control_percent";i:1;s:8:"controls";a:1:{s:8:"advanced";a:2:{s:8:"wd_extra";a:2:{s:20:"column_sticky_offset";i:14;s:8:"scroll_y";i:14;}s:16:"section_advanced";a:1:{s:6:"margin";i:4;}}}}s:7:"section";a:3:{s:5:"count";i:6;s:15:"control_percent";i:3;s:8:"controls";a:3:{s:6:"layout";a:3:{s:14:"section_layout";a:1:{s:16:"content_position";i:2;}s:15:"wd_extra_layout";a:1:{s:18:"wd_section_stretch";i:3;}s:17:"section_structure";a:1:{s:9:"structure";i:5;}}s:5:"style";a:1:{s:18:"section_background";a:2:{s:21:"background_background";i:3;s:16:"background_color";i:3;}}s:8:"advanced";a:2:{s:16:"section_advanced";a:2:{s:6:"margin";i:5;s:7:"padding";i:3;}s:19:"_section_responsive";a:1:{s:20:"reverse_order_mobile";i:1;}}}}s:8:"wd_title";a:3:{s:5:"count";i:5;s:15:"control_percent";i:4;s:8:"controls";a:3:{s:7:"content";a:1:{s:23:"general_content_section";a:3:{s:8:"subtitle";i:5;s:5:"title";i:5;s:11:"after_title";i:5;}}s:5:"style";a:2:{s:21:"general_style_section";a:4:{s:4:"size";i:5;s:5:"align";i:5;s:5:"width";i:3;s:5:"color";i:2;}s:22:"subtitle_style_section";a:2:{s:30:"subtitle_typography_typography";i:2;s:31:"subtitle_typography_font_weight";i:2;}}s:8:"advanced";a:2:{s:8:"wd_extra";a:1:{s:8:"scroll_y";i:5;}s:14:"_section_style";a:1:{s:7:"_margin";i:3;}}}}s:10:"wd_infobox";a:3:{s:5:"count";i:2;s:15:"control_percent";i:5;s:8:"controls";a:3:{s:7:"content";a:2:{s:20:"icon_content_section";a:4:{s:9:"icon_type";i:2;s:5:"image";i:2;s:10:"image_size";i:2;s:22:"image_custom_dimension";i:2;}s:15:"content_section";a:4:{s:8:"subtitle";i:2;s:5:"title";i:2;s:7:"content";i:2;s:8:"btn_text";i:2;}}s:5:"style";a:3:{s:21:"general_style_section";a:2:{s:9:"alignment";i:2;s:15:"image_alignment";i:2;}s:18:"icon_style_section";a:2:{s:10:"icon_style";i:2;s:17:"icon_border_color";i:2;}s:21:"content_style_section";a:2:{s:29:"content_typography_typography";i:2;s:28:"content_typography_font_size";i:2;}}s:8:"advanced";a:2:{s:14:"_section_style";a:1:{s:7:"_margin";i:1;}s:8:"wd_extra";a:1:{s:8:"scroll_y";i:2;}}}}s:14:"wd_team_member";a:3:{s:5:"count";i:4;s:15:"control_percent";i:6;s:8:"controls";a:3:{s:7:"content";a:2:{s:23:"general_content_section";a:5:{s:10:"image_size";i:4;s:4:"name";i:4;s:8:"position";i:4;s:7:"content";i:4;s:5:"image";i:4;}s:21:"links_content_section";a:1:{s:5:"skype";i:4;}}s:5:"style";a:2:{s:21:"general_style_section";a:1:{s:5:"align";i:4;}s:21:"buttons_style_section";a:2:{s:4:"size";i:4;s:5:"style";i:4;}}s:8:"advanced";a:1:{s:8:"wd_extra";a:1:{s:8:"scroll_y";i:4;}}}}s:9:"wd_button";a:3:{s:5:"count";i:3;s:15:"control_percent";i:2;s:8:"controls";a:3:{s:7:"content";a:1:{s:23:"general_content_section";a:1:{s:4:"text";i:3;}}s:5:"style";a:1:{s:21:"general_style_section";a:2:{s:5:"color";i:3;s:5:"align";i:3;}}s:8:"advanced";a:1:{s:8:"wd_extra";a:1:{s:8:"scroll_y";i:3;}}}}s:9:"wd_banner";a:3:{s:5:"count";i:4;s:15:"control_percent";i:6;s:8:"controls";a:3:{s:7:"content";a:2:{s:21:"image_content_section";a:2:{s:10:"image_size";i:4;s:5:"image";i:4;}s:15:"content_section";a:4:{s:8:"subtitle";i:4;s:5:"title";i:4;s:7:"content";i:4;s:8:"btn_text";i:4;}}s:5:"style";a:3:{s:21:"general_style_section";a:3:{s:5:"style";i:4;s:5:"hover";i:4;s:21:"woodmart_color_scheme";i:4;}s:19:"title_style_section";a:2:{s:27:"title_typography_typography";i:4;s:26:"title_typography_font_size";i:4;}s:20:"layout_style_section";a:2:{s:18:"vertical_alignment";i:4;s:5:"width";i:4;}}s:8:"advanced";a:1:{s:8:"wd_extra";a:1:{s:8:"scroll_y";i:4;}}}}s:13:"wd_text_block";a:3:{s:5:"count";i:1;s:15:"control_percent";i:3;s:8:"controls";a:3:{s:7:"content";a:1:{s:23:"general_content_section";a:1:{s:4:"text";i:1;}}s:5:"style";a:2:{s:29:"style_general_content_section";a:1:{s:17:"text_color_scheme";i:1;}s:31:"style_paragraph_content_section";a:2:{s:21:"typography_typography";i:1;s:20:"typography_font_size";i:1;}}s:8:"advanced";a:1:{s:8:"wd_extra";a:1:{s:8:"scroll_y";i:1;}}}}}]]></wp:meta_value>
						</wp:postmeta>
												<wp:postmeta>
							<wp:meta_key><![CDATA[wd_page_css_files]]></wp:meta_key>
							<wp:meta_value><![CDATA[a:4:{i:0;s:5:"wpcf7";i:1;s:16:"mc4wp-deprecated";i:2;s:5:"mc4wp";i:3;s:17:"revolution-slider";}]]></wp:meta_value>
						</wp:postmeta>
										</item>
								<item>
					<title><![CDATA[about-us-4-avatar]]></title>
					<link>http://dummy.xtemos.com/woodmart2/elementor/about-us-4/about-us-4-avatar/</link>
					<pubDate>Thu, 04 Nov 2021 14:56:31 +0000</pubDate>
					<dc:creator><![CDATA[zakhar]]></dc:creator>
					<guid isPermaLink="false">http://dummy.xtemos.com/woodmart2/elementor/wp-content/uploads/sites/2/2021/11/about-us-4-avatar.png</guid>
															<wp:post_id>8688</wp:post_id>
					<wp:post_date><![CDATA[2021-11-04 14:56:31]]></wp:post_date>
					<wp:post_date_gmt><![CDATA[2021-11-04 14:56:31]]></wp:post_date_gmt>
					<wp:post_modified><![CDATA[2021-11-04 14:56:31]]></wp:post_modified>
					<wp:post_modified_gmt><![CDATA[2021-11-04 14:56:31]]></wp:post_modified_gmt>
					<wp:comment_status><![CDATA[open]]></wp:comment_status>
					<wp:post_name><![CDATA[about-us-4-avatar]]></wp:post_name>
					<wp:status><![CDATA[inherit]]></wp:status>
					<wp:post_parent>8680</wp:post_parent>
					<wp:menu_order>0</wp:menu_order>
					<wp:post_type><![CDATA[attachment]]></wp:post_type>
											<wp:attachment_url><![CDATA[http://dummy.xtemos.com/woodmart2/elementor/wp-content/uploads/sites/2/2021/11/about-us-4-avatar.png]]></wp:attachment_url>
																					<wp:postmeta>
							<wp:meta_key><![CDATA[_wp_attached_file]]></wp:meta_key>
							<wp:meta_value><![CDATA[2021/11/about-us-4-avatar.png]]></wp:meta_value>
						</wp:postmeta>
										</item>
								<item>
					<title><![CDATA[about-us-4-autog-black]]></title>
					<link>http://dummy.xtemos.com/woodmart2/elementor/about-us-4-autog-black/</link>
					<pubDate>Thu, 04 Nov 2021 14:57:08 +0000</pubDate>
					<dc:creator><![CDATA[zakhar]]></dc:creator>
					<guid isPermaLink="false">http://dummy.xtemos.com/woodmart2/elementor/wp-content/uploads/sites/2/2021/11/about-us-4-autog-black.svg</guid>
															<wp:post_id>8692</wp:post_id>
					<wp:post_date><![CDATA[2021-11-04 14:57:08]]></wp:post_date>
					<wp:post_date_gmt><![CDATA[2021-11-04 14:57:08]]></wp:post_date_gmt>
					<wp:post_modified><![CDATA[2021-11-04 14:57:08]]></wp:post_modified>
					<wp:post_modified_gmt><![CDATA[2021-11-04 14:57:08]]></wp:post_modified_gmt>
					<wp:comment_status><![CDATA[open]]></wp:comment_status>
					<wp:post_name><![CDATA[about-us-4-autog-black]]></wp:post_name>
					<wp:status><![CDATA[inherit]]></wp:status>
					<wp:post_parent>0</wp:post_parent>
					<wp:menu_order>0</wp:menu_order>
					<wp:post_type><![CDATA[attachment]]></wp:post_type>
											<wp:attachment_url><![CDATA[http://dummy.xtemos.com/woodmart2/elementor/wp-content/uploads/sites/2/2021/11/about-us-4-autog-black.svg]]></wp:attachment_url>
																					<wp:postmeta>
							<wp:meta_key><![CDATA[_wp_attached_file]]></wp:meta_key>
							<wp:meta_value><![CDATA[2021/11/about-us-4-autog-black.svg]]></wp:meta_value>
						</wp:postmeta>
												<wp:postmeta>
							<wp:meta_key><![CDATA[_elementor_inline_svg]]></wp:meta_key>
							<wp:meta_value><![CDATA[<?xml version="1.0" encoding="UTF-8"?> <svg xmlns="http://www.w3.org/2000/svg" width="86" height="60" viewBox="0 0 86 60" fill="none"><path fill-rule="evenodd" clip-rule="evenodd" d="M63.8344 1.50051C62.1765 3.24735 58.4267 9.1393 55.2694 14.9589C52.6513 19.7848 53.075 19.5369 49.7935 18.1596C38.0655 13.2375 18.6783 16.796 8.47087 25.7449C7.61175 26.498 6.15561 27.7578 5.23472 28.5444C-7.4277 39.3644 4.48566 49.4317 23.8351 44.2626C27.5726 43.2641 27.8008 43.2542 29.2246 44.0297C30.2222 44.5732 30.5997 44.6531 30.8738 44.3798C31.2283 44.0264 31.1431 43.9651 29.7049 43.5376C28.7274 43.247 29.4725 42.5104 31.5041 41.7585C32.7 41.316 35.6348 40.1049 38.0262 39.0675C44.288 36.3506 44.121 36.3724 43.0834 38.4119C37.2993 49.7812 28.3478 60.632 26.7537 58.2062C26.1272 57.2531 25.7317 57.2531 25.7317 58.2062C25.7317 62.986 33.0143 57.2893 38.5747 48.1596L39.739 46.2477L42.2561 46.0836C45.1291 45.8964 45.6851 45.654 49.0745 43.1074C51.722 41.1187 53.221 39.2974 54.401 36.637C55.3051 34.5981 55.4829 34.4495 57.0248 34.4432C58.0119 34.4393 58.1487 34.5152 57.9589 34.9619C56.8725 37.5159 60.3926 36.5625 62.2607 33.7971C63.7316 31.6198 64.2396 31.1698 65.5437 30.8888C66.58 30.6658 66.9401 30.7083 67.4403 31.1122L68.0577 31.6105L67.4355 32.3992C66.4034 33.7071 66.9947 34.5296 68.0952 33.317C70.2851 30.9047 68.9196 29.2759 65.2807 29.9605C62.4623 30.4906 61.3174 29.9229 60.0663 27.3736C58.7457 24.6824 57.6479 23.2512 55.8349 21.8566C53.6501 20.1761 53.6612 19.3722 55.9078 16.6002C56.4631 15.9147 56.9177 15.1308 56.9177 14.8582C56.9177 14.3242 59.7677 9.04513 61.1144 7.08363C61.5662 6.42592 62.3636 5.04082 62.8866 4.00552C63.8194 2.15853 64.513 1.51217 64.9994 2.03625C65.3407 2.40397 62.369 7.70338 59.8858 11.1549C57.6929 14.2037 57.3187 14.9721 58.6039 13.7876C60.8133 11.7513 66.225 3.14779 66.4409 1.3286C66.658 -0.502242 65.6738 -0.437068 63.8344 1.50051ZM83.9395 6.64506C82.2885 8.98892 73.8985 25.4154 71.042 31.8975C67.7708 39.3196 67.44 39.8774 65.8342 40.6739C64.2884 41.4407 63.9526 42.2117 65.164 42.2117C66.3044 42.2117 65.7464 43.5044 62.0014 49.5363C61.3887 50.5229 60.3869 52.2969 59.7752 53.4787C59.0705 54.8396 58.0602 56.1864 57.0209 57.1509C55.21 58.8314 54.9077 60 56.2841 60C57.071 60 59.0219 57.1658 62.2523 51.3301C63.1624 49.6858 64.2716 47.8023 64.7169 47.1446C65.1625 46.4869 66.1008 44.9021 66.8019 43.6231C68.5321 40.4664 70.6555 39.4568 71.517 41.3812C71.8166 42.0506 71.8259 42.0473 72.3215 41.0915C72.6049 40.5453 73.3417 39.861 74.0164 39.5178C76.543 38.2328 75.0884 37.6717 71.9824 38.7336C68.9175 39.7815 68.7708 39.5632 70.3769 36.3479C71.084 34.9323 72.1323 32.679 72.7066 31.3409C73.2805 30.0027 74.4686 27.4953 75.3463 25.7688C76.224 24.0423 78.1869 20.0063 79.7081 16.7999C81.2293 13.5935 82.9647 10.258 83.5647 9.38744C85.2823 6.89469 85.9945 5.63097 85.9999 5.06564C86.0089 4.08893 85.4242 4.53737 83.9395 6.64506ZM40.8749 17.1141C51.8224 18.211 56.0661 23.4931 47.4342 25.2791C42.4744 26.3051 29.5454 36.5793 28.8497 40.0472C28.3208 42.6839 26.5381 42.7516 20.8407 43.798C15.1432 44.8444 7.7965 45.8988 2.99866 41.0159C-1.79919 36.1329 5.24765 30.3447 8.09637 27.8035C10.9451 25.2623 16.3427 21.5253 21.1405 19.7315C25.9384 17.9378 34.1645 16.4421 40.8749 17.1141ZM55.4787 23.1681C58.7208 25.8029 59.9086 29.0152 57.9436 29.8338C56.7555 30.3289 55.7183 29.7695 55.7183 28.6338C55.7183 28.0346 54.3134 26.3365 53.1856 25.5724C51.9682 24.7475 51.8779 24.225 52.7163 22.8539C53.4747 21.6141 53.5817 21.6264 55.4787 23.1681ZM49.1212 26.5512C49.1212 27.3084 46.2014 33.387 45.4341 34.227C44.5156 35.2325 31.4631 41.0159 30.1122 41.0159C27.7159 41.0159 37.2846 31.7397 42.9875 28.5342C46.5259 26.5452 49.1212 25.706 49.1212 26.5512ZM53.5089 27.4343C55.7459 29.7991 54.5944 31.412 49.4766 33.0826C47.4666 33.7385 47.3964 33.6491 48.2114 31.4766C50.0313 26.625 51.6062 25.4232 53.5089 27.4343ZM58.958 31.6389C59.0768 32.4688 57.6626 33.6016 56.6575 33.4814C55.5695 33.3511 55.5477 32.769 56.5915 31.7283C57.6611 30.6622 58.8123 30.6186 58.958 31.6389ZM61.7156 31.1289C61.7156 31.4969 60.8517 32.346 60.4771 32.346C60.1851 32.346 60.3317 31.9564 60.8994 31.2249C61.2394 30.7866 61.7156 30.7304 61.7156 31.1289ZM54.1161 34.0575C53.3694 38.6445 46.9211 44.8752 42.899 44.8958C39.1345 44.9152 43.7383 38.9647 51.1918 34.1774C53.6945 32.5702 54.3626 32.5427 54.1161 34.0575ZM47.322 35.6169C47.322 35.9697 46.7373 36.347 46.5223 36.1329C46.3076 35.9186 46.686 35.3356 47.0399 35.3356C47.1952 35.3356 47.322 35.4621 47.322 35.6169Z" fill="#101010" fill-opacity="0.3"></path></svg> ]]></wp:meta_value>
						</wp:postmeta>
										</item>
								<item>
					<title><![CDATA[about-us-4-code]]></title>
					<link>http://dummy.xtemos.com/woodmart2/elementor/about-us-4-code/</link>
					<pubDate>Thu, 04 Nov 2021 14:57:09 +0000</pubDate>
					<dc:creator><![CDATA[zakhar]]></dc:creator>
					<guid isPermaLink="false">http://dummy.xtemos.com/woodmart2/elementor/wp-content/uploads/sites/2/2021/11/about-us-4-code.svg</guid>
															<wp:post_id>8693</wp:post_id>
					<wp:post_date><![CDATA[2021-11-04 14:57:09]]></wp:post_date>
					<wp:post_date_gmt><![CDATA[2021-11-04 14:57:09]]></wp:post_date_gmt>
					<wp:post_modified><![CDATA[2021-11-04 14:57:09]]></wp:post_modified>
					<wp:post_modified_gmt><![CDATA[2021-11-04 14:57:09]]></wp:post_modified_gmt>
					<wp:comment_status><![CDATA[open]]></wp:comment_status>
					<wp:post_name><![CDATA[about-us-4-code]]></wp:post_name>
					<wp:status><![CDATA[inherit]]></wp:status>
					<wp:post_parent>0</wp:post_parent>
					<wp:menu_order>0</wp:menu_order>
					<wp:post_type><![CDATA[attachment]]></wp:post_type>
											<wp:attachment_url><![CDATA[http://dummy.xtemos.com/woodmart2/elementor/wp-content/uploads/sites/2/2021/11/about-us-4-code.svg]]></wp:attachment_url>
																					<wp:postmeta>
							<wp:meta_key><![CDATA[_wp_attached_file]]></wp:meta_key>
							<wp:meta_value><![CDATA[2021/11/about-us-4-code.svg]]></wp:meta_value>
						</wp:postmeta>
												<wp:postmeta>
							<wp:meta_key><![CDATA[_elementor_inline_svg]]></wp:meta_key>
							<wp:meta_value><![CDATA[<?xml version="1.0" encoding="UTF-8"?> <svg xmlns="http://www.w3.org/2000/svg" width="50" height="50" viewBox="0 0 50 50" fill="none"><path d="M22.002 37.9901L24.8725 38.5753L27.8995 23.7319L25.0289 23.1467L22.002 37.9901Z" fill="#101010" fill-opacity="0.2"></path><path d="M19.4652 22.4087L11.1255 30.8594L19.4652 39.3101L21.5503 37.2524L15.2415 30.8594L21.5503 24.4663L19.4652 22.4087Z" fill="#101010" fill-opacity="0.2"></path><path d="M34.3862 30.4576L28 24.0714L30.0714 22L38.5293 30.4576L30.0714 38.9151L28 36.8438L34.3862 30.4576Z" fill="#101010" fill-opacity="0.2"></path><path fill-rule="evenodd" clip-rule="evenodd" d="M5.85938 44.1406H44.1406V17.5781H5.85938V44.1406ZM8.78906 20.5078H41.2109V41.2109H8.78906V20.5078Z" fill="#101010" fill-opacity="0.2"></path><path d="M8.78906 5.85938H5.85938V8.78906H8.78906V5.85938Z" fill="#101010" fill-opacity="0.2"></path><path d="M11.7188 5.85938H14.6484V8.78906H11.7188V5.85938Z" fill="#101010" fill-opacity="0.2"></path><path d="M20.5078 5.85938H17.5781V8.78906H20.5078V5.85938Z" fill="#101010" fill-opacity="0.2"></path><path fill-rule="evenodd" clip-rule="evenodd" d="M50 50H0V0H50V50ZM2.92969 14.6484V47.0703H47.0715V14.6484H2.92969ZM47.0715 11.7188V2.92854H2.92969V11.7188H47.0715Z" fill="#101010" fill-opacity="0.2"></path></svg> ]]></wp:meta_value>
						</wp:postmeta>
										</item>
								<item>
					<title><![CDATA[about-us-4-design]]></title>
					<link>http://dummy.xtemos.com/woodmart2/elementor/about-us-4-design/</link>
					<pubDate>Thu, 04 Nov 2021 14:57:10 +0000</pubDate>
					<dc:creator><![CDATA[zakhar]]></dc:creator>
					<guid isPermaLink="false">http://dummy.xtemos.com/woodmart2/elementor/wp-content/uploads/sites/2/2021/11/about-us-4-design.svg</guid>
															<wp:post_id>8694</wp:post_id>
					<wp:post_date><![CDATA[2021-11-04 14:57:10]]></wp:post_date>
					<wp:post_date_gmt><![CDATA[2021-11-04 14:57:10]]></wp:post_date_gmt>
					<wp:post_modified><![CDATA[2021-11-04 14:57:10]]></wp:post_modified>
					<wp:post_modified_gmt><![CDATA[2021-11-04 14:57:10]]></wp:post_modified_gmt>
					<wp:comment_status><![CDATA[open]]></wp:comment_status>
					<wp:post_name><![CDATA[about-us-4-design]]></wp:post_name>
					<wp:status><![CDATA[inherit]]></wp:status>
					<wp:post_parent>0</wp:post_parent>
					<wp:menu_order>0</wp:menu_order>
					<wp:post_type><![CDATA[attachment]]></wp:post_type>
											<wp:attachment_url><![CDATA[http://dummy.xtemos.com/woodmart2/elementor/wp-content/uploads/sites/2/2021/11/about-us-4-design.svg]]></wp:attachment_url>
																					<wp:postmeta>
							<wp:meta_key><![CDATA[_wp_attached_file]]></wp:meta_key>
							<wp:meta_value><![CDATA[2021/11/about-us-4-design.svg]]></wp:meta_value>
						</wp:postmeta>
												<wp:postmeta>
							<wp:meta_key><![CDATA[_elementor_inline_svg]]></wp:meta_key>
							<wp:meta_value><![CDATA[<?xml version="1.0" encoding="UTF-8"?> <svg xmlns="http://www.w3.org/2000/svg" width="50" height="50" viewBox="0 0 50 50" fill="none"><path d="M44.043 20.7031V0H0V44.1406H8.88672C8.88672 47.3717 11.515 50 14.7461 50H50V20.7031H44.043ZM41.1133 5.85938H32.3242V2.92969H41.1133V5.85938ZM29.3945 2.92969V5.85938H2.92969V2.92969H29.3945ZM8.88672 20.7031V41.2109H2.92969V8.78906H41.1133V20.7031H17.6758V14.8438H14.7461C11.515 14.8438 8.88672 17.4721 8.88672 20.7031ZM14.7461 17.7734V38.2812C13.6795 38.2812 12.6785 38.5677 11.8164 39.0675V20.7031C11.8164 19.0876 13.1306 17.7734 14.7461 17.7734ZM29.3945 35.3516H26.4648V38.2812H29.3945V41.2109H26.4648V44.1406H29.3945V47.0703H23.5352V29.4922H29.3945V35.3516ZM38.1836 38.2812H41.1133V47.0703H38.1836V38.2812ZM39.0888 35.3516L39.6484 34.2323L40.2081 35.3516H39.0888ZM47.0703 47.0703H44.043V36.4708L39.6484 27.6817L35.2539 36.4708V47.0703H32.3242V26.5625H20.6055V47.0703H14.7461C13.1306 47.0703 11.8164 45.7561 11.8164 44.1406C11.8164 42.5251 13.1306 41.2109 14.7461 41.2109H17.6758V23.6328H47.0703V47.0703Z" fill="#101010" fill-opacity="0.2"></path></svg> ]]></wp:meta_value>
						</wp:postmeta>
										</item>
								<item>
					<title><![CDATA[about-us-4-finished-works]]></title>
					<link>http://dummy.xtemos.com/woodmart2/elementor/about-us-4-finished-works/</link>
					<pubDate>Thu, 04 Nov 2021 14:57:11 +0000</pubDate>
					<dc:creator><![CDATA[zakhar]]></dc:creator>
					<guid isPermaLink="false">http://dummy.xtemos.com/woodmart2/elementor/wp-content/uploads/sites/2/2021/11/about-us-4-finished-works.svg</guid>
															<wp:post_id>8695</wp:post_id>
					<wp:post_date><![CDATA[2021-11-04 14:57:11]]></wp:post_date>
					<wp:post_date_gmt><![CDATA[2021-11-04 14:57:11]]></wp:post_date_gmt>
					<wp:post_modified><![CDATA[2021-11-04 14:57:11]]></wp:post_modified>
					<wp:post_modified_gmt><![CDATA[2021-11-04 14:57:11]]></wp:post_modified_gmt>
					<wp:comment_status><![CDATA[open]]></wp:comment_status>
					<wp:post_name><![CDATA[about-us-4-finished-works]]></wp:post_name>
					<wp:status><![CDATA[inherit]]></wp:status>
					<wp:post_parent>0</wp:post_parent>
					<wp:menu_order>0</wp:menu_order>
					<wp:post_type><![CDATA[attachment]]></wp:post_type>
											<wp:attachment_url><![CDATA[http://dummy.xtemos.com/woodmart2/elementor/wp-content/uploads/sites/2/2021/11/about-us-4-finished-works.svg]]></wp:attachment_url>
																					<wp:postmeta>
							<wp:meta_key><![CDATA[_wp_attached_file]]></wp:meta_key>
							<wp:meta_value><![CDATA[2021/11/about-us-4-finished-works.svg]]></wp:meta_value>
						</wp:postmeta>
												<wp:postmeta>
							<wp:meta_key><![CDATA[_elementor_inline_svg]]></wp:meta_key>
							<wp:meta_value><![CDATA[<?xml version="1.0" encoding="UTF-8"?> <svg xmlns="http://www.w3.org/2000/svg" width="42" height="42" viewBox="0 0 42 42" fill="none"><path d="M20.1735 29.343L18.3924 27.5409L16.4444 29.5122L20.1735 33.2853L26.6577 26.7245L24.7097 24.7533L20.1735 29.343Z" fill="#83B735"></path><path d="M39 16.9115H36.2449V9.17932L27.1726 0H5.93878V14.1239H3V42H39V16.9115ZM27.9796 4.75873L31.5417 8.36283H27.9796V4.75873ZM8.69388 2.78761H25.2245V11.1504H33.4898V16.9115H24.4175L21.6624 14.1239H8.69388V2.78761ZM5.7551 39.2124V16.9115H20.5213L23.2764 19.6991H36.2449V39.2124H5.7551Z" fill="#83B735"></path><path d="M11.449 8.36283H22.4694V11.1504H11.449V8.36283Z" fill="#83B735"></path></svg> ]]></wp:meta_value>
						</wp:postmeta>
										</item>
								<item>
					<title><![CDATA[about-us-4-happy-clients]]></title>
					<link>http://dummy.xtemos.com/woodmart2/elementor/about-us-4-happy-clients/</link>
					<pubDate>Thu, 04 Nov 2021 14:57:12 +0000</pubDate>
					<dc:creator><![CDATA[zakhar]]></dc:creator>
					<guid isPermaLink="false">http://dummy.xtemos.com/woodmart2/elementor/wp-content/uploads/sites/2/2021/11/about-us-4-happy-clients.svg</guid>
															<wp:post_id>8696</wp:post_id>
					<wp:post_date><![CDATA[2021-11-04 14:57:12]]></wp:post_date>
					<wp:post_date_gmt><![CDATA[2021-11-04 14:57:12]]></wp:post_date_gmt>
					<wp:post_modified><![CDATA[2021-11-04 14:57:12]]></wp:post_modified>
					<wp:post_modified_gmt><![CDATA[2021-11-04 14:57:12]]></wp:post_modified_gmt>
					<wp:comment_status><![CDATA[open]]></wp:comment_status>
					<wp:post_name><![CDATA[about-us-4-happy-clients]]></wp:post_name>
					<wp:status><![CDATA[inherit]]></wp:status>
					<wp:post_parent>0</wp:post_parent>
					<wp:menu_order>0</wp:menu_order>
					<wp:post_type><![CDATA[attachment]]></wp:post_type>
											<wp:attachment_url><![CDATA[http://dummy.xtemos.com/woodmart2/elementor/wp-content/uploads/sites/2/2021/11/about-us-4-happy-clients.svg]]></wp:attachment_url>
																					<wp:postmeta>
							<wp:meta_key><![CDATA[_wp_attached_file]]></wp:meta_key>
							<wp:meta_value><![CDATA[2021/11/about-us-4-happy-clients.svg]]></wp:meta_value>
						</wp:postmeta>
												<wp:postmeta>
							<wp:meta_key><![CDATA[_elementor_inline_svg]]></wp:meta_key>
							<wp:meta_value><![CDATA[<?xml version="1.0" encoding="UTF-8"?> <svg xmlns="http://www.w3.org/2000/svg" width="42" height="42" viewBox="0 0 42 42" fill="none"><g clip-path="url(#clip0)"><path d="M23.2416 18.9968C26.1027 21.6884 28.9338 23.2532 29.053 23.3184L29.6508 23.6462L30.2467 23.315C30.3657 23.2489 33.1945 21.6646 36.0538 18.9642C39.3187 15.8805 41.9996 11.9201 41.9996 7.41186C41.9996 3.32505 38.6747 0.000167847 34.5879 0.000167847C32.7303 0.000167847 30.9924 0.673479 29.6468 1.88381C28.3011 0.673479 26.5633 0.000167847 24.7056 0.000167847C20.6188 0.000167847 17.2939 3.32505 17.2939 7.41186C17.2939 9.62334 17.9344 11.85 19.1975 14.0299C20.1798 15.7254 21.5404 17.3965 23.2416 18.9968ZM24.7056 2.47073C26.2742 2.47073 27.7152 3.19139 28.6591 4.44784L29.6468 5.76267L30.6344 4.44784C31.5783 3.19139 33.0193 2.47073 34.5879 2.47073C37.3124 2.47073 39.529 4.68732 39.529 7.41186C39.529 14.123 31.8654 19.406 29.6431 20.7964C27.4192 19.4195 19.7645 14.1866 19.7645 7.41186C19.7645 4.68732 21.9811 2.47073 24.7056 2.47073V2.47073Z" fill="#83B735"></path><path d="M38.0188 26.542C37.6852 26.548 37.3488 26.6022 36.9904 26.7078L28.3975 29.2353C28.2527 27.4334 26.9751 25.9283 25.1893 25.5071C25.1194 25.4892 26.0397 25.7242 17.6083 23.571C16.8175 23.4014 15.9943 23.4471 15.2342 23.7005C14.9402 23.7966 16.4052 23.3177 11.7721 24.8325C9.946 25.4412 8.9133 25.785 7.41177 25.8984V22.2352H0V41.9997H7.41169V38.2938H9.88226C11.4089 38.2938 12.928 38.5029 14.3978 38.9153C14.4061 38.9175 25.7291 41.8662 25.791 41.8807C26.9992 42.1633 28.3034 41.9107 29.3679 41.1785C40.4802 33.5437 39.4799 34.2026 40.052 33.848L40.1553 33.7838C42.3088 32.4409 42.6333 29.4394 40.8295 27.6672C40.0833 26.9338 39.0602 26.5263 38.0188 26.542V26.542ZM4.94113 39.5292H2.47056V24.7058H4.94113V39.5292ZM38.8484 31.6873L38.7499 31.7484C38.0718 32.1692 39.0222 31.5502 27.9675 39.1431C27.4789 39.4792 26.865 39.6185 26.2718 39.4542L15.0537 36.5335C13.3704 36.0622 11.6305 35.8233 9.88217 35.8233H7.41169V28.3736C9.33585 28.2484 10.6264 27.8186 12.5533 27.1764L16.0083 26.0467C16.3502 25.9326 16.7167 25.9104 17.0699 25.9824C17.1482 26.0024 16.1633 25.7508 24.6164 27.9104C26.0283 28.2382 26.4075 30.0491 25.2826 30.9274C24.8642 31.2541 24.3286 31.3675 23.8138 31.2389L17.5937 29.6838L16.9945 32.0806L23.2147 33.6357C24.9157 34.0611 26.6264 33.3867 27.6104 32.0422C38.1373 28.961 37.7654 29.0175 38.0627 29.0122C38.8537 28.9996 39.5292 29.6389 39.5292 30.4598C39.529 30.9627 39.2745 31.4215 38.8484 31.6873V31.6873Z" fill="#83B735"></path></g><defs><clipPath id="clip0"><rect width="42" height="42" fill="white"></rect></clipPath></defs></svg> ]]></wp:meta_value>
						</wp:postmeta>
										</item>
								<item>
					<title><![CDATA[about-us-4-team-member-1]]></title>
					<link>http://dummy.xtemos.com/woodmart2/elementor/about-us-4/about-us-4-team-member-1/</link>
					<pubDate>Thu, 04 Nov 2021 14:58:32 +0000</pubDate>
					<dc:creator><![CDATA[zakhar]]></dc:creator>
					<guid isPermaLink="false">http://dummy.xtemos.com/woodmart2/elementor/wp-content/uploads/sites/2/2021/11/about-us-4-team-member-1.jpg</guid>
															<wp:post_id>8697</wp:post_id>
					<wp:post_date><![CDATA[2021-11-04 14:58:32]]></wp:post_date>
					<wp:post_date_gmt><![CDATA[2021-11-04 14:58:32]]></wp:post_date_gmt>
					<wp:post_modified><![CDATA[2021-11-04 14:58:32]]></wp:post_modified>
					<wp:post_modified_gmt><![CDATA[2021-11-04 14:58:32]]></wp:post_modified_gmt>
					<wp:comment_status><![CDATA[open]]></wp:comment_status>
					<wp:post_name><![CDATA[about-us-4-team-member-1]]></wp:post_name>
					<wp:status><![CDATA[inherit]]></wp:status>
					<wp:post_parent>8680</wp:post_parent>
					<wp:menu_order>0</wp:menu_order>
					<wp:post_type><![CDATA[attachment]]></wp:post_type>
											<wp:attachment_url><![CDATA[http://dummy.xtemos.com/woodmart2/elementor/wp-content/uploads/sites/2/2021/11/about-us-4-team-member-1.jpg]]></wp:attachment_url>
																					<wp:postmeta>
							<wp:meta_key><![CDATA[_wp_attached_file]]></wp:meta_key>
							<wp:meta_value><![CDATA[2021/11/about-us-4-team-member-1.jpg]]></wp:meta_value>
						</wp:postmeta>
										</item>
								<item>
					<title><![CDATA[about-us-4-team-member-2]]></title>
					<link>http://dummy.xtemos.com/woodmart2/elementor/about-us-4/about-us-4-team-member-2/</link>
					<pubDate>Thu, 04 Nov 2021 14:58:33 +0000</pubDate>
					<dc:creator><![CDATA[zakhar]]></dc:creator>
					<guid isPermaLink="false">http://dummy.xtemos.com/woodmart2/elementor/wp-content/uploads/sites/2/2021/11/about-us-4-team-member-2.jpg</guid>
															<wp:post_id>8698</wp:post_id>
					<wp:post_date><![CDATA[2021-11-04 14:58:33]]></wp:post_date>
					<wp:post_date_gmt><![CDATA[2021-11-04 14:58:33]]></wp:post_date_gmt>
					<wp:post_modified><![CDATA[2021-11-04 14:58:33]]></wp:post_modified>
					<wp:post_modified_gmt><![CDATA[2021-11-04 14:58:33]]></wp:post_modified_gmt>
					<wp:comment_status><![CDATA[open]]></wp:comment_status>
					<wp:post_name><![CDATA[about-us-4-team-member-2]]></wp:post_name>
					<wp:status><![CDATA[inherit]]></wp:status>
					<wp:post_parent>8680</wp:post_parent>
					<wp:menu_order>0</wp:menu_order>
					<wp:post_type><![CDATA[attachment]]></wp:post_type>
											<wp:attachment_url><![CDATA[http://dummy.xtemos.com/woodmart2/elementor/wp-content/uploads/sites/2/2021/11/about-us-4-team-member-2.jpg]]></wp:attachment_url>
																					<wp:postmeta>
							<wp:meta_key><![CDATA[_wp_attached_file]]></wp:meta_key>
							<wp:meta_value><![CDATA[2021/11/about-us-4-team-member-2.jpg]]></wp:meta_value>
						</wp:postmeta>
										</item>
								<item>
					<title><![CDATA[about-us-4-team-member-3]]></title>
					<link>http://dummy.xtemos.com/woodmart2/elementor/about-us-4/about-us-4-team-member-3/</link>
					<pubDate>Thu, 04 Nov 2021 14:58:34 +0000</pubDate>
					<dc:creator><![CDATA[zakhar]]></dc:creator>
					<guid isPermaLink="false">http://dummy.xtemos.com/woodmart2/elementor/wp-content/uploads/sites/2/2021/11/about-us-4-team-member-3.jpg</guid>
															<wp:post_id>8699</wp:post_id>
					<wp:post_date><![CDATA[2021-11-04 14:58:34]]></wp:post_date>
					<wp:post_date_gmt><![CDATA[2021-11-04 14:58:34]]></wp:post_date_gmt>
					<wp:post_modified><![CDATA[2021-11-04 14:58:34]]></wp:post_modified>
					<wp:post_modified_gmt><![CDATA[2021-11-04 14:58:34]]></wp:post_modified_gmt>
					<wp:comment_status><![CDATA[open]]></wp:comment_status>
					<wp:post_name><![CDATA[about-us-4-team-member-3]]></wp:post_name>
					<wp:status><![CDATA[inherit]]></wp:status>
					<wp:post_parent>8680</wp:post_parent>
					<wp:menu_order>0</wp:menu_order>
					<wp:post_type><![CDATA[attachment]]></wp:post_type>
											<wp:attachment_url><![CDATA[http://dummy.xtemos.com/woodmart2/elementor/wp-content/uploads/sites/2/2021/11/about-us-4-team-member-3.jpg]]></wp:attachment_url>
																					<wp:postmeta>
							<wp:meta_key><![CDATA[_wp_attached_file]]></wp:meta_key>
							<wp:meta_value><![CDATA[2021/11/about-us-4-team-member-3.jpg]]></wp:meta_value>
						</wp:postmeta>
										</item>
								<item>
					<title><![CDATA[about-us-4-team-member-4]]></title>
					<link>http://dummy.xtemos.com/woodmart2/elementor/about-us-4/about-us-4-team-member-4/</link>
					<pubDate>Thu, 04 Nov 2021 14:58:35 +0000</pubDate>
					<dc:creator><![CDATA[zakhar]]></dc:creator>
					<guid isPermaLink="false">http://dummy.xtemos.com/woodmart2/elementor/wp-content/uploads/sites/2/2021/11/about-us-4-team-member-4.jpg</guid>
															<wp:post_id>8700</wp:post_id>
					<wp:post_date><![CDATA[2021-11-04 14:58:35]]></wp:post_date>
					<wp:post_date_gmt><![CDATA[2021-11-04 14:58:35]]></wp:post_date_gmt>
					<wp:post_modified><![CDATA[2021-11-04 14:58:35]]></wp:post_modified>
					<wp:post_modified_gmt><![CDATA[2021-11-04 14:58:35]]></wp:post_modified_gmt>
					<wp:comment_status><![CDATA[open]]></wp:comment_status>
					<wp:post_name><![CDATA[about-us-4-team-member-4]]></wp:post_name>
					<wp:status><![CDATA[inherit]]></wp:status>
					<wp:post_parent>8680</wp:post_parent>
					<wp:menu_order>0</wp:menu_order>
					<wp:post_type><![CDATA[attachment]]></wp:post_type>
											<wp:attachment_url><![CDATA[http://dummy.xtemos.com/woodmart2/elementor/wp-content/uploads/sites/2/2021/11/about-us-4-team-member-4.jpg]]></wp:attachment_url>
																					<wp:postmeta>
							<wp:meta_key><![CDATA[_wp_attached_file]]></wp:meta_key>
							<wp:meta_value><![CDATA[2021/11/about-us-4-team-member-4.jpg]]></wp:meta_value>
						</wp:postmeta>
										</item>
								<item>
					<title><![CDATA[about-us-4-banner-1]]></title>
					<link>http://dummy.xtemos.com/woodmart2/elementor/about-us-4/about-us-4-banner-1/</link>
					<pubDate>Thu, 04 Nov 2021 14:59:33 +0000</pubDate>
					<dc:creator><![CDATA[zakhar]]></dc:creator>
					<guid isPermaLink="false">http://dummy.xtemos.com/woodmart2/elementor/wp-content/uploads/sites/2/2021/11/about-us-4-banner-1.jpg</guid>
															<wp:post_id>8701</wp:post_id>
					<wp:post_date><![CDATA[2021-11-04 14:59:33]]></wp:post_date>
					<wp:post_date_gmt><![CDATA[2021-11-04 14:59:33]]></wp:post_date_gmt>
					<wp:post_modified><![CDATA[2021-11-04 14:59:33]]></wp:post_modified>
					<wp:post_modified_gmt><![CDATA[2021-11-04 14:59:33]]></wp:post_modified_gmt>
					<wp:comment_status><![CDATA[open]]></wp:comment_status>
					<wp:post_name><![CDATA[about-us-4-banner-1]]></wp:post_name>
					<wp:status><![CDATA[inherit]]></wp:status>
					<wp:post_parent>8680</wp:post_parent>
					<wp:menu_order>0</wp:menu_order>
					<wp:post_type><![CDATA[attachment]]></wp:post_type>
											<wp:attachment_url><![CDATA[http://dummy.xtemos.com/woodmart2/elementor/wp-content/uploads/sites/2/2021/11/about-us-4-banner-1.jpg]]></wp:attachment_url>
																					<wp:postmeta>
							<wp:meta_key><![CDATA[_wp_attached_file]]></wp:meta_key>
							<wp:meta_value><![CDATA[2021/11/about-us-4-banner-1.jpg]]></wp:meta_value>
						</wp:postmeta>
										</item>
								<item>
					<title><![CDATA[about-us-4-banner-2]]></title>
					<link>http://dummy.xtemos.com/woodmart2/elementor/about-us-4/about-us-4-banner-2/</link>
					<pubDate>Thu, 04 Nov 2021 14:59:35 +0000</pubDate>
					<dc:creator><![CDATA[zakhar]]></dc:creator>
					<guid isPermaLink="false">http://dummy.xtemos.com/woodmart2/elementor/wp-content/uploads/sites/2/2021/11/about-us-4-banner-2.jpg</guid>
															<wp:post_id>8702</wp:post_id>
					<wp:post_date><![CDATA[2021-11-04 14:59:35]]></wp:post_date>
					<wp:post_date_gmt><![CDATA[2021-11-04 14:59:35]]></wp:post_date_gmt>
					<wp:post_modified><![CDATA[2021-11-04 14:59:35]]></wp:post_modified>
					<wp:post_modified_gmt><![CDATA[2021-11-04 14:59:35]]></wp:post_modified_gmt>
					<wp:comment_status><![CDATA[open]]></wp:comment_status>
					<wp:post_name><![CDATA[about-us-4-banner-2]]></wp:post_name>
					<wp:status><![CDATA[inherit]]></wp:status>
					<wp:post_parent>8680</wp:post_parent>
					<wp:menu_order>0</wp:menu_order>
					<wp:post_type><![CDATA[attachment]]></wp:post_type>
											<wp:attachment_url><![CDATA[http://dummy.xtemos.com/woodmart2/elementor/wp-content/uploads/sites/2/2021/11/about-us-4-banner-2.jpg]]></wp:attachment_url>
																					<wp:postmeta>
							<wp:meta_key><![CDATA[_wp_attached_file]]></wp:meta_key>
							<wp:meta_value><![CDATA[2021/11/about-us-4-banner-2.jpg]]></wp:meta_value>
						</wp:postmeta>
										</item>
								<item>
					<title><![CDATA[about-us-4-banner-3]]></title>
					<link>http://dummy.xtemos.com/woodmart2/elementor/about-us-4/about-us-4-banner-3/</link>
					<pubDate>Thu, 04 Nov 2021 14:59:36 +0000</pubDate>
					<dc:creator><![CDATA[zakhar]]></dc:creator>
					<guid isPermaLink="false">http://dummy.xtemos.com/woodmart2/elementor/wp-content/uploads/sites/2/2021/11/about-us-4-banner-3.jpg</guid>
															<wp:post_id>8703</wp:post_id>
					<wp:post_date><![CDATA[2021-11-04 14:59:36]]></wp:post_date>
					<wp:post_date_gmt><![CDATA[2021-11-04 14:59:36]]></wp:post_date_gmt>
					<wp:post_modified><![CDATA[2021-11-04 14:59:36]]></wp:post_modified>
					<wp:post_modified_gmt><![CDATA[2021-11-04 14:59:36]]></wp:post_modified_gmt>
					<wp:comment_status><![CDATA[open]]></wp:comment_status>
					<wp:post_name><![CDATA[about-us-4-banner-3]]></wp:post_name>
					<wp:status><![CDATA[inherit]]></wp:status>
					<wp:post_parent>8680</wp:post_parent>
					<wp:menu_order>0</wp:menu_order>
					<wp:post_type><![CDATA[attachment]]></wp:post_type>
											<wp:attachment_url><![CDATA[http://dummy.xtemos.com/woodmart2/elementor/wp-content/uploads/sites/2/2021/11/about-us-4-banner-3.jpg]]></wp:attachment_url>
																					<wp:postmeta>
							<wp:meta_key><![CDATA[_wp_attached_file]]></wp:meta_key>
							<wp:meta_value><![CDATA[2021/11/about-us-4-banner-3.jpg]]></wp:meta_value>
						</wp:postmeta>
										</item>
								<item>
					<title><![CDATA[about-us-4-banner-4]]></title>
					<link>http://dummy.xtemos.com/woodmart2/elementor/about-us-4/about-us-4-banner-4/</link>
					<pubDate>Thu, 04 Nov 2021 14:59:37 +0000</pubDate>
					<dc:creator><![CDATA[zakhar]]></dc:creator>
					<guid isPermaLink="false">http://dummy.xtemos.com/woodmart2/elementor/wp-content/uploads/sites/2/2021/11/about-us-4-banner-4.jpg</guid>
															<wp:post_id>8704</wp:post_id>
					<wp:post_date><![CDATA[2021-11-04 14:59:37]]></wp:post_date>
					<wp:post_date_gmt><![CDATA[2021-11-04 14:59:37]]></wp:post_date_gmt>
					<wp:post_modified><![CDATA[2021-11-04 14:59:37]]></wp:post_modified>
					<wp:post_modified_gmt><![CDATA[2021-11-04 14:59:37]]></wp:post_modified_gmt>
					<wp:comment_status><![CDATA[open]]></wp:comment_status>
					<wp:post_name><![CDATA[about-us-4-banner-4]]></wp:post_name>
					<wp:status><![CDATA[inherit]]></wp:status>
					<wp:post_parent>8680</wp:post_parent>
					<wp:menu_order>0</wp:menu_order>
					<wp:post_type><![CDATA[attachment]]></wp:post_type>
											<wp:attachment_url><![CDATA[http://dummy.xtemos.com/woodmart2/elementor/wp-content/uploads/sites/2/2021/11/about-us-4-banner-4.jpg]]></wp:attachment_url>
																					<wp:postmeta>
							<wp:meta_key><![CDATA[_wp_attached_file]]></wp:meta_key>
							<wp:meta_value><![CDATA[2021/11/about-us-4-banner-4.jpg]]></wp:meta_value>
						</wp:postmeta>
										</item>
				</channel>
</rss>
	